busy_id,investigator_id,start_date,end_date,reason,investigation_id
INV-001-B1,INV-001,2026-10-01,2026-10-15,Another program: Atsimo-Andrefana school census,
INV-001-B2,INV-001,2026-10-25,2026-10-29,Leave,
INV-002-B1,INV-002,2026-10-04,2026-10-06,Distribution monitoring,
INV-002-B2,INV-002,2026-10-26,2026-10-31,Distribution monitoring,
INV-003-B1,INV-003,2026-10-01,2026-10-06,Leave,
INV-003-B2,INV-003,2026-10-22,2026-10-29,Another program,
INV-004-B1,INV-004,2026-10-03,2026-10-05,Training,
INV-004-B2,INV-004,2026-10-26,2026-10-29,Distribution monitoring,
INV-005-B1,INV-005,2026-10-06,2026-10-12,Distribution monitoring,
INV-005-B2,INV-005,2026-10-17,2026-10-23,Distribution monitoring,
INV-006-B1,INV-006,2026-10-06,2026-10-14,Training,
INV-006-B2,INV-006,2026-10-23,2026-10-28,Distribution monitoring,
INV-007-B1,INV-007,2026-10-05,2026-10-09,Distribution monitoring,
INV-007-B2,INV-007,2026-10-26,2026-11-01,Leave,
INV-008-B1,INV-008,2026-10-01,2026-10-05,Training,
INV-008-B2,INV-008,2026-10-29,2026-11-07,Distribution monitoring,
INV-009-B1,INV-009,2026-10-03,2026-10-07,Leave,
INV-009-B2,INV-009,2026-10-19,2026-10-28,Leave,
INV-010-B1,INV-010,2026-10-04,2026-10-11,Distribution monitoring,
INV-010-B2,INV-010,2026-10-28,2026-11-04,Another program,
INV-011-B1,INV-011,2026-10-04,2026-10-09,Training,
INV-011-B2,INV-011,2026-10-19,2026-10-28,Another program,
INV-012-B1,INV-012,2026-10-07,2026-10-13,Leave,
INV-012-B2,INV-012,2026-10-31,2026-11-09,Leave,
INV-013-B1,INV-013,2026-10-02,2026-10-10,Training,
INV-013-B2,INV-013,2026-10-28,2026-11-04,Another program,
INV-014-B1,INV-014,2026-10-07,2026-10-10,Leave,
INV-014-B2,INV-014,2026-10-28,2026-11-05,Leave,
INV-015-B1,INV-015,2026-10-02,2026-10-06,Training,
INV-015-B2,INV-015,2026-10-21,2026-10-26,Distribution monitoring,
INV-016-B1,INV-016,2026-10-06,2026-10-14,Training,
INV-016-B2,INV-016,2026-10-27,2026-11-05,Distribution monitoring,
INV-017-B1,INV-017,2026-10-02,2026-10-10,Leave,
INV-017-B2,INV-017,2026-10-29,2026-11-02,Another program,
INV-018-B1,INV-018,2026-10-05,2026-10-07,Distribution monitoring,
INV-018-B2,INV-018,2026-10-21,2026-10-27,Another program,
INV-019-B1,INV-019,2026-10-03,2026-10-07,Training,
INV-019-B2,INV-019,2026-10-28,2026-11-05,Leave,
INV-020-B1,INV-020,2026-10-05,2026-10-09,Training,
INV-020-B2,INV-020,2026-10-28,2026-11-03,Leave,
INV-021-B1,INV-021,2026-10-03,2026-10-05,Distribution monitoring,
INV-021-B2,INV-021,2026-10-17,2026-10-22,Distribution monitoring,
INV-022-B1,INV-022,2026-10-04,2026-10-12,Another program,
INV-022-B2,INV-022,2026-10-31,2026-11-06,Leave,
INV-023-B1,INV-023,2026-10-05,2026-10-13,Distribution monitoring,
INV-023-B2,INV-023,2026-10-27,2026-11-03,Leave,
INV-024-B1,INV-024,2026-10-07,2026-10-13,Leave,
INV-024-B2,INV-024,2026-10-18,2026-10-25,Distribution monitoring,
INV-025-B1,INV-025,2026-10-07,2026-10-15,Training,
INV-025-B2,INV-025,2026-10-29,2026-11-06,Distribution monitoring,
INV-026-B1,INV-026,2026-10-02,2026-10-04,Another program,
INV-026-B2,INV-026,2026-10-22,2026-10-26,Leave,
INV-027-B1,INV-027,2026-10-03,2026-10-08,Leave,
INV-027-B2,INV-027,2026-10-28,2026-10-31,Leave,
INV-028-B1,INV-028,2026-10-03,2026-10-12,Regional training,
INV-028-B2,INV-028,2026-11-04,2026-11-12,Leave,
INV-029-B1,INV-029,2026-10-10,2026-10-17,Another program,
INV-029-B2,INV-029,2026-10-24,2026-11-01,Leave,
INV-030-B1,INV-030,2026-10-02,2026-10-05,Another program,
INV-030-B2,INV-030,2026-10-29,2026-11-07,Leave,
INV-031-B1,INV-031,2026-10-06,2026-10-14,Leave,
INV-031-B2,INV-031,2026-10-29,2026-11-07,Another program,
INV-032-B1,INV-032,2026-10-03,2026-10-09,Leave,
INV-032-B2,INV-032,2026-10-27,2026-11-01,Leave,
INV-033-B1,INV-033,2026-10-03,2026-10-09,Regional training,
INV-033-B2,INV-033,2026-10-23,2026-10-31,Another program,
INV-034-B1,INV-034,2026-10-01,2026-10-05,Another program: Mozambique market survey,
INV-035-B1,INV-035,2026-10-01,2026-10-09,Leave,
INV-035-B2,INV-035,2026-10-22,2026-10-27,Leave,
INV-036-B1,INV-036,2026-10-06,2026-10-15,Regional training,
INV-036-B2,INV-036,2026-10-29,2026-11-09,Leave,
INV-037-B1,INV-037,2026-10-10,2026-10-14,Regional training,
INV-037-B2,INV-037,2026-10-22,2026-10-30,Another program,
INV-038-B1,INV-038,2026-10-05,2026-10-09,Another program,
INV-038-B2,INV-038,2026-10-25,2026-11-05,Another program,
INV-039-B1,INV-039,2026-10-04,2026-10-15,Regional training,
INV-039-B2,INV-039,2026-11-07,2026-11-12,Another program,
