meal_id,country_iso3,expansion_id,name,servings_per_month,days_served,ingredients_json,activity,beneficiary_group,beneficiaries
KEN-M1,KEN,EXP-KEN-2026,Githeri (maize and beans),832000,Mon Wed,"[{""commodity"":""MAIZE"",""quantity"":150},{""commodity"":""BEANS"",""quantity"":40},{""commodity"":""OIL"",""quantity"":10}]",SCHOOL_MEALS,SCHOOL_CHILD,96000
KEN-M2,KEN,EXP-KEN-2026,Rice and beans,832000,Tue Thu,"[{""commodity"":""RICE"",""quantity"":120},{""commodity"":""BEANS"",""quantity"":40},{""commodity"":""OIL"",""quantity"":10}]",SCHOOL_MEALS,SCHOOL_CHILD,96000
KEN-M3,KEN,EXP-KEN-2026,Fortified porridge,416000,Fri,"[{""commodity"":""CSB"",""quantity"":80},{""commodity"":""OIL"",""quantity"":5}]",SCHOOL_MEALS,SCHOOL_CHILD,96000
ETH-M1,ETH,EXP-ETH-2026,Githeri (maize and beans),1230667,Mon Wed,"[{""commodity"":""MAIZE"",""quantity"":150},{""commodity"":""BEANS"",""quantity"":40},{""commodity"":""OIL"",""quantity"":10}]",SCHOOL_MEALS,SCHOOL_CHILD,142000
ETH-M2,ETH,EXP-ETH-2026,Rice and beans,1230667,Tue Thu,"[{""commodity"":""RICE"",""quantity"":120},{""commodity"":""BEANS"",""quantity"":40},{""commodity"":""OIL"",""quantity"":10}]",SCHOOL_MEALS,SCHOOL_CHILD,142000
ETH-M3,ETH,EXP-ETH-2026,Fortified porridge,615333,Fri,"[{""commodity"":""CSB"",""quantity"":80},{""commodity"":""OIL"",""quantity"":5}]",SCHOOL_MEALS,SCHOOL_CHILD,142000
SOM-M1,SOM,EXP-SOM-2026,Githeri (maize and beans),329333,Mon Wed,"[{""commodity"":""MAIZE"",""quantity"":150},{""commodity"":""BEANS"",""quantity"":40},{""commodity"":""OIL"",""quantity"":10}]",SCHOOL_MEALS,SCHOOL_CHILD,38000
SOM-M2,SOM,EXP-SOM-2026,Rice and beans,329333,Tue Thu,"[{""commodity"":""RICE"",""quantity"":120},{""commodity"":""BEANS"",""quantity"":40},{""commodity"":""OIL"",""quantity"":10}]",SCHOOL_MEALS,SCHOOL_CHILD,38000
SOM-M3,SOM,EXP-SOM-2026,Fortified porridge,164667,Fri,"[{""commodity"":""CSB"",""quantity"":80},{""commodity"":""OIL"",""quantity"":5}]",SCHOOL_MEALS,SCHOOL_CHILD,38000
SSD-M1,SSD,EXP-SSD-2026,Githeri (maize and beans),468000,Mon Wed,"[{""commodity"":""MAIZE"",""quantity"":150},{""commodity"":""BEANS"",""quantity"":40},{""commodity"":""OIL"",""quantity"":10}]",SCHOOL_MEALS,SCHOOL_CHILD,54000
SSD-M2,SSD,EXP-SSD-2026,Rice and beans,468000,Tue Thu,"[{""commodity"":""RICE"",""quantity"":120},{""commodity"":""BEANS"",""quantity"":40},{""commodity"":""OIL"",""quantity"":10}]",SCHOOL_MEALS,SCHOOL_CHILD,54000
SSD-M3,SSD,EXP-SSD-2026,Fortified porridge,234000,Fri,"[{""commodity"":""CSB"",""quantity"":80},{""commodity"":""OIL"",""quantity"":5}]",SCHOOL_MEALS,SCHOOL_CHILD,54000
UGA-M1,UGA,EXP-UGA-2026,Githeri (maize and beans),1040000,Mon Wed,"[{""commodity"":""MAIZE"",""quantity"":150},{""commodity"":""BEANS"",""quantity"":40},{""commodity"":""OIL"",""quantity"":10}]",SCHOOL_MEALS,SCHOOL_CHILD,120000
UGA-M2,UGA,EXP-UGA-2026,Rice and beans,1040000,Tue Thu,"[{""commodity"":""RICE"",""quantity"":120},{""commodity"":""BEANS"",""quantity"":40},{""commodity"":""OIL"",""quantity"":10}]",SCHOOL_MEALS,SCHOOL_CHILD,120000
UGA-M3,UGA,EXP-UGA-2026,Fortified porridge,520000,Fri,"[{""commodity"":""CSB"",""quantity"":80},{""commodity"":""OIL"",""quantity"":5}]",SCHOOL_MEALS,SCHOOL_CHILD,120000
RWA-M1,RWA,EXP-RWA-2026,Githeri (maize and beans),528667,Mon Wed,"[{""commodity"":""MAIZE"",""quantity"":150},{""commodity"":""BEANS"",""quantity"":40},{""commodity"":""OIL"",""quantity"":10}]",SCHOOL_MEALS,SCHOOL_CHILD,61000
RWA-M2,RWA,EXP-RWA-2026,Rice and beans,528667,Tue Thu,"[{""commodity"":""RICE"",""quantity"":120},{""commodity"":""BEANS"",""quantity"":40},{""commodity"":""OIL"",""quantity"":10}]",SCHOOL_MEALS,SCHOOL_CHILD,61000
RWA-M3,RWA,EXP-RWA-2026,Fortified porridge,264333,Fri,"[{""commodity"":""CSB"",""quantity"":80},{""commodity"":""OIL"",""quantity"":5}]",SCHOOL_MEALS,SCHOOL_CHILD,61000
NER-M1,NER,EXP-NER-2026,Sorghum couscous with cowpeas,762667,Mon Wed,"[{""commodity"":""SORGHUM"",""quantity"":150},{""commodity"":""BEANS"",""quantity"":40},{""commodity"":""OIL"",""quantity"":10}]",SCHOOL_MEALS,SCHOOL_CHILD,88000
NER-M2,NER,EXP-NER-2026,Rice with dried fish,762667,Tue Thu,"[{""commodity"":""RICE"",""quantity"":120},{""commodity"":""FISH"",""quantity"":15},{""commodity"":""OIL"",""quantity"":10}]",SCHOOL_MEALS,SCHOOL_CHILD,88000
NER-M3,NER,EXP-NER-2026,Millet porridge,381333,Fri,"[{""commodity"":""MILLET"",""quantity"":100},{""commodity"":""CSB"",""quantity"":30},{""commodity"":""OIL"",""quantity"":5}]",SCHOOL_MEALS,SCHOOL_CHILD,88000
MLI-M1,MLI,EXP-MLI-2026,Sorghum couscous with cowpeas,901333,Mon Wed,"[{""commodity"":""SORGHUM"",""quantity"":150},{""commodity"":""BEANS"",""quantity"":40},{""commodity"":""OIL"",""quantity"":10}]",SCHOOL_MEALS,SCHOOL_CHILD,104000
MLI-M2,MLI,EXP-MLI-2026,Rice with dried fish,901333,Tue Thu,"[{""commodity"":""RICE"",""quantity"":120},{""commodity"":""FISH"",""quantity"":15},{""commodity"":""OIL"",""quantity"":10}]",SCHOOL_MEALS,SCHOOL_CHILD,104000
MLI-M3,MLI,EXP-MLI-2026,Millet porridge,450667,Fri,"[{""commodity"":""MILLET"",""quantity"":100},{""commodity"":""CSB"",""quantity"":30},{""commodity"":""OIL"",""quantity"":5}]",SCHOOL_MEALS,SCHOOL_CHILD,104000
TCD-M1,TCD,EXP-TCD-2026,Sorghum couscous with cowpeas,407333,Mon Wed,"[{""commodity"":""SORGHUM"",""quantity"":150},{""commodity"":""BEANS"",""quantity"":40},{""commodity"":""OIL"",""quantity"":10}]",SCHOOL_MEALS,SCHOOL_CHILD,47000
TCD-M2,TCD,EXP-TCD-2026,Rice with dried fish,407333,Tue Thu,"[{""commodity"":""RICE"",""quantity"":120},{""commodity"":""FISH"",""quantity"":15},{""commodity"":""OIL"",""quantity"":10}]",SCHOOL_MEALS,SCHOOL_CHILD,47000
TCD-M3,TCD,EXP-TCD-2026,Millet porridge,203667,Fri,"[{""commodity"":""MILLET"",""quantity"":100},{""commodity"":""CSB"",""quantity"":30},{""commodity"":""OIL"",""quantity"":5}]",SCHOOL_MEALS,SCHOOL_CHILD,47000
BFA-M1,BFA,EXP-BFA-2026,Sorghum couscous with cowpeas,632667,Mon Wed,"[{""commodity"":""SORGHUM"",""quantity"":150},{""commodity"":""BEANS"",""quantity"":40},{""commodity"":""OIL"",""quantity"":10}]",SCHOOL_MEALS,SCHOOL_CHILD,73000
BFA-M2,BFA,EXP-BFA-2026,Rice with dried fish,632667,Tue Thu,"[{""commodity"":""RICE"",""quantity"":120},{""commodity"":""FISH"",""quantity"":15},{""commodity"":""OIL"",""quantity"":10}]",SCHOOL_MEALS,SCHOOL_CHILD,73000
BFA-M3,BFA,EXP-BFA-2026,Millet porridge,316333,Fri,"[{""commodity"":""MILLET"",""quantity"":100},{""commodity"":""CSB"",""quantity"":30},{""commodity"":""OIL"",""quantity"":5}]",SCHOOL_MEALS,SCHOOL_CHILD,73000
NGA-M1,NGA,EXP-NGA-2026,Sorghum couscous with cowpeas,1300000,Mon Wed,"[{""commodity"":""SORGHUM"",""quantity"":150},{""commodity"":""BEANS"",""quantity"":40},{""commodity"":""OIL"",""quantity"":10}]",SCHOOL_MEALS,SCHOOL_CHILD,150000
NGA-M2,NGA,EXP-NGA-2026,Rice with dried fish,1300000,Tue Thu,"[{""commodity"":""RICE"",""quantity"":120},{""commodity"":""FISH"",""quantity"":15},{""commodity"":""OIL"",""quantity"":10}]",SCHOOL_MEALS,SCHOOL_CHILD,150000
NGA-M3,NGA,EXP-NGA-2026,Millet porridge,650000,Fri,"[{""commodity"":""MILLET"",""quantity"":100},{""commodity"":""CSB"",""quantity"":30},{""commodity"":""OIL"",""quantity"":5}]",SCHOOL_MEALS,SCHOOL_CHILD,150000
MOZ-M1,MOZ,EXP-MOZ-2026,Nsima with beans,897000,Mon Wed Fri,"[{""commodity"":""MAIZE"",""quantity"":150},{""commodity"":""BEANS"",""quantity"":40},{""commodity"":""OIL"",""quantity"":10}]",SCHOOL_MEALS,SCHOOL_CHILD,69000
MOZ-M2,MOZ,EXP-MOZ-2026,Fortified porridge,299000,Tue,"[{""commodity"":""CSB"",""quantity"":80},{""commodity"":""OIL"",""quantity"":5}]",SCHOOL_MEALS,SCHOOL_CHILD,69000
MOZ-M3,MOZ,EXP-MOZ-2026,Rice and beans,299000,Thu,"[{""commodity"":""RICE"",""quantity"":120},{""commodity"":""BEANS"",""quantity"":40},{""commodity"":""OIL"",""quantity"":10}]",SCHOOL_MEALS,SCHOOL_CHILD,69000
MWI-M1,MWI,EXP-MWI-2026,Nsima with beans,1456000,Mon Wed Fri,"[{""commodity"":""MAIZE"",""quantity"":150},{""commodity"":""BEANS"",""quantity"":40},{""commodity"":""OIL"",""quantity"":10}]",SCHOOL_MEALS,SCHOOL_CHILD,112000
MWI-M2,MWI,EXP-MWI-2026,Fortified porridge,485333,Tue,"[{""commodity"":""CSB"",""quantity"":80},{""commodity"":""OIL"",""quantity"":5}]",SCHOOL_MEALS,SCHOOL_CHILD,112000
MWI-M3,MWI,EXP-MWI-2026,Rice and beans,485333,Thu,"[{""commodity"":""RICE"",""quantity"":120},{""commodity"":""BEANS"",""quantity"":40},{""commodity"":""OIL"",""quantity"":10}]",SCHOOL_MEALS,SCHOOL_CHILD,112000
ZMB-M1,ZMB,EXP-ZMB-2026,Nsima with beans,754000,Mon Wed Fri,"[{""commodity"":""MAIZE"",""quantity"":150},{""commodity"":""BEANS"",""quantity"":40},{""commodity"":""OIL"",""quantity"":10}]",SCHOOL_MEALS,SCHOOL_CHILD,58000
ZMB-M2,ZMB,EXP-ZMB-2026,Fortified porridge,251333,Tue,"[{""commodity"":""CSB"",""quantity"":80},{""commodity"":""OIL"",""quantity"":5}]",SCHOOL_MEALS,SCHOOL_CHILD,58000
ZMB-M3,ZMB,EXP-ZMB-2026,Rice and beans,251333,Thu,"[{""commodity"":""RICE"",""quantity"":120},{""commodity"":""BEANS"",""quantity"":40},{""commodity"":""OIL"",""quantity"":10}]",SCHOOL_MEALS,SCHOOL_CHILD,58000
ZWE-M1,ZWE,EXP-ZWE-2026,Nsima with beans,1001000,Mon Wed Fri,"[{""commodity"":""MAIZE"",""quantity"":150},{""commodity"":""BEANS"",""quantity"":40},{""commodity"":""OIL"",""quantity"":10}]",SCHOOL_MEALS,SCHOOL_CHILD,77000
ZWE-M2,ZWE,EXP-ZWE-2026,Fortified porridge,333667,Tue,"[{""commodity"":""CSB"",""quantity"":80},{""commodity"":""OIL"",""quantity"":5}]",SCHOOL_MEALS,SCHOOL_CHILD,77000
ZWE-M3,ZWE,EXP-ZWE-2026,Rice and beans,333667,Thu,"[{""commodity"":""RICE"",""quantity"":120},{""commodity"":""BEANS"",""quantity"":40},{""commodity"":""OIL"",""quantity"":10}]",SCHOOL_MEALS,SCHOOL_CHILD,77000
COD-M1,COD,EXP-COD-2026,Nsima with beans,1703000,Mon Wed Fri,"[{""commodity"":""MAIZE"",""quantity"":150},{""commodity"":""BEANS"",""quantity"":40},{""commodity"":""OIL"",""quantity"":10}]",SCHOOL_MEALS,SCHOOL_CHILD,131000
COD-M2,COD,EXP-COD-2026,Fortified porridge,567667,Tue,"[{""commodity"":""CSB"",""quantity"":80},{""commodity"":""OIL"",""quantity"":5}]",SCHOOL_MEALS,SCHOOL_CHILD,131000
COD-M3,COD,EXP-COD-2026,Rice and beans,567667,Thu,"[{""commodity"":""RICE"",""quantity"":120},{""commodity"":""BEANS"",""quantity"":40},{""commodity"":""OIL"",""quantity"":10}]",SCHOOL_MEALS,SCHOOL_CHILD,131000
HTI-M1,HTI,EXP-HTI-2026,Rice and beans,858000,Mon Wed Fri,"[{""commodity"":""RICE"",""quantity"":120},{""commodity"":""BEANS"",""quantity"":50},{""commodity"":""OIL"",""quantity"":10}]",SCHOOL_MEALS,SCHOOL_CHILD,66000
HTI-M2,HTI,EXP-HTI-2026,Corn atol with milk,572000,Tue Thu,"[{""commodity"":""MAIZE"",""quantity"":60},{""commodity"":""MILK"",""quantity"":15}]",SCHOOL_MEALS,SCHOOL_CHILD,66000
GTM-M1,GTM,EXP-GTM-2026,Rice and beans,1092000,Mon Wed Fri,"[{""commodity"":""RICE"",""quantity"":120},{""commodity"":""BEANS"",""quantity"":50},{""commodity"":""OIL"",""quantity"":10}]",SCHOOL_MEALS,SCHOOL_CHILD,84000
GTM-M2,GTM,EXP-GTM-2026,Corn atol with milk,728000,Tue Thu,"[{""commodity"":""MAIZE"",""quantity"":60},{""commodity"":""MILK"",""quantity"":15}]",SCHOOL_MEALS,SCHOOL_CHILD,84000
BGD-M1,BGD,EXP-BGD-2026,Dal bhat (rice and lentils),1924000,Mon Wed Fri,"[{""commodity"":""RICE"",""quantity"":150},{""commodity"":""LENTILS"",""quantity"":40},{""commodity"":""OIL"",""quantity"":10}]",SCHOOL_MEALS,SCHOOL_CHILD,148000
BGD-M2,BGD,EXP-BGD-2026,Fortified porridge with milk,641333,Tue,"[{""commodity"":""CSB"",""quantity"":60},{""commodity"":""MILK"",""quantity"":10}]",SCHOOL_MEALS,SCHOOL_CHILD,148000
BGD-M3,BGD,EXP-BGD-2026,Rice with dried fish,641333,Thu,"[{""commodity"":""RICE"",""quantity"":150},{""commodity"":""FISH"",""quantity"":15},{""commodity"":""OIL"",""quantity"":5}]",SCHOOL_MEALS,SCHOOL_CHILD,148000
NPL-M1,NPL,EXP-NPL-2026,Dal bhat (rice and lentils),676000,Mon Wed Fri,"[{""commodity"":""RICE"",""quantity"":150},{""commodity"":""LENTILS"",""quantity"":40},{""commodity"":""OIL"",""quantity"":10}]",SCHOOL_MEALS,SCHOOL_CHILD,52000
NPL-M2,NPL,EXP-NPL-2026,Fortified porridge with milk,225333,Tue,"[{""commodity"":""CSB"",""quantity"":60},{""commodity"":""MILK"",""quantity"":10}]",SCHOOL_MEALS,SCHOOL_CHILD,52000
NPL-M3,NPL,EXP-NPL-2026,Rice with dried fish,225333,Thu,"[{""commodity"":""RICE"",""quantity"":150},{""commodity"":""FISH"",""quantity"":15},{""commodity"":""OIL"",""quantity"":5}]",SCHOOL_MEALS,SCHOOL_CHILD,52000
LAO-M1,LAO,EXP-LAO-2026,Dal bhat (rice and lentils),468000,Mon Wed Fri,"[{""commodity"":""RICE"",""quantity"":150},{""commodity"":""LENTILS"",""quantity"":40},{""commodity"":""OIL"",""quantity"":10}]",SCHOOL_MEALS,SCHOOL_CHILD,36000
LAO-M2,LAO,EXP-LAO-2026,Fortified porridge with milk,156000,Tue,"[{""commodity"":""CSB"",""quantity"":60},{""commodity"":""MILK"",""quantity"":10}]",SCHOOL_MEALS,SCHOOL_CHILD,36000
LAO-M3,LAO,EXP-LAO-2026,Rice with dried fish,156000,Thu,"[{""commodity"":""RICE"",""quantity"":150},{""commodity"":""FISH"",""quantity"":15},{""commodity"":""OIL"",""quantity"":5}]",SCHOOL_MEALS,SCHOOL_CHILD,36000
MDG-M1,MDG,EXP-MDG-ANDROY-2027,Vary sy tsaramaso (rice and beans),104000,Mon Tue Wed Thu,"[{""commodity"":""RICE"",""quantity"":100},{""commodity"":""BEANS"",""quantity"":30},{""commodity"":""OIL"",""quantity"":10}]",SCHOOL_MEALS,SCHOOL_CHILD,6000
MDG-M2,MDG,EXP-MDG-ANDROY-2027,Rice porridge with Super Cereal,26000,Fri,"[{""commodity"":""RICE"",""quantity"":60},{""commodity"":""CSB"",""quantity"":40},{""commodity"":""OIL"",""quantity"":5}]",SCHOOL_MEALS,SCHOOL_CHILD,6000
MDG-G1,MDG,EXP-MDG-ANDROY-2027,General ration for drought-affected households,1200000,Every day (monthly distribution),"[{""commodity"":""RICE"",""quantity"":400},{""commodity"":""BEANS"",""quantity"":60},{""commodity"":""OIL"",""quantity"":25},{""commodity"":""CSB"",""quantity"":50}]",GENERAL_DISTRIBUTION,GENERAL_POPULATION,40000
MDG-N1,MDG,EXP-MDG-ANDROY-2027,Super Cereal for children aged 6 to 23 months,150000,Every day (monthly distribution),"[{""commodity"":""CSB"",""quantity"":100}]",NUTRITION_SUPPORT,YOUNG_CHILD,5000
KEN-G1,KEN,EXP-KEN-2026,General ration for refugees in Kakuma and Kalobeyei,5400000,Every day (monthly distribution),"[{""commodity"":""MAIZE"",""quantity"":420},{""commodity"":""BEANS"",""quantity"":60},{""commodity"":""OIL"",""quantity"":25},{""commodity"":""CSB"",""quantity"":50}]",GENERAL_DISTRIBUTION,GENERAL_POPULATION,180000
KEN-N1,KEN,EXP-KEN-2026,Super Cereal for children aged 6 to 23 months,660000,Every day (monthly distribution),"[{""commodity"":""CSB"",""quantity"":100}]",NUTRITION_SUPPORT,YOUNG_CHILD,22000
ETH-G1,ETH,EXP-ETH-2026,General ration for displaced people and refugees,7500000,Every day (monthly distribution),"[{""commodity"":""MAIZE"",""quantity"":420},{""commodity"":""BEANS"",""quantity"":60},{""commodity"":""OIL"",""quantity"":25},{""commodity"":""CSB"",""quantity"":50}]",GENERAL_DISTRIBUTION,GENERAL_POPULATION,250000
ETH-N1,ETH,EXP-ETH-2026,Super Cereal for children aged 6 to 23 months,1200000,Every day (monthly distribution),"[{""commodity"":""CSB"",""quantity"":100}]",NUTRITION_SUPPORT,YOUNG_CHILD,40000
SOM-G1,SOM,EXP-SOM-2026,General ration for displaced people,3600000,Every day (monthly distribution),"[{""commodity"":""MAIZE"",""quantity"":420},{""commodity"":""BEANS"",""quantity"":60},{""commodity"":""OIL"",""quantity"":25},{""commodity"":""CSB"",""quantity"":50}]",GENERAL_DISTRIBUTION,GENERAL_POPULATION,120000
SOM-N1,SOM,EXP-SOM-2026,Super Cereal for children aged 6 to 23 months,900000,Every day (monthly distribution),"[{""commodity"":""CSB"",""quantity"":100}]",NUTRITION_SUPPORT,YOUNG_CHILD,30000
SSD-G1,SSD,EXP-SSD-2026,General ration for displaced people,6000000,Every day (monthly distribution),"[{""commodity"":""MAIZE"",""quantity"":420},{""commodity"":""BEANS"",""quantity"":60},{""commodity"":""OIL"",""quantity"":25},{""commodity"":""CSB"",""quantity"":50}]",GENERAL_DISTRIBUTION,GENERAL_POPULATION,200000
SSD-N1,SSD,EXP-SSD-2026,Super Cereal for children aged 6 to 23 months,1050000,Every day (monthly distribution),"[{""commodity"":""CSB"",""quantity"":100}]",NUTRITION_SUPPORT,YOUNG_CHILD,35000
UGA-G1,UGA,EXP-UGA-2026,General ration for refugees,4500000,Every day (monthly distribution),"[{""commodity"":""MAIZE"",""quantity"":420},{""commodity"":""BEANS"",""quantity"":60},{""commodity"":""OIL"",""quantity"":25},{""commodity"":""CSB"",""quantity"":50}]",GENERAL_DISTRIBUTION,GENERAL_POPULATION,150000
UGA-N1,UGA,EXP-UGA-2026,Super Cereal for children aged 6 to 23 months,540000,Every day (monthly distribution),"[{""commodity"":""CSB"",""quantity"":100}]",NUTRITION_SUPPORT,YOUNG_CHILD,18000
RWA-G1,RWA,EXP-RWA-2026,General ration for refugees,1800000,Every day (monthly distribution),"[{""commodity"":""MAIZE"",""quantity"":420},{""commodity"":""BEANS"",""quantity"":60},{""commodity"":""OIL"",""quantity"":25},{""commodity"":""CSB"",""quantity"":50}]",GENERAL_DISTRIBUTION,GENERAL_POPULATION,60000
RWA-N1,RWA,EXP-RWA-2026,Super Cereal for children aged 6 to 23 months,240000,Every day (monthly distribution),"[{""commodity"":""CSB"",""quantity"":100}]",NUTRITION_SUPPORT,YOUNG_CHILD,8000
NER-G1,NER,EXP-NER-2026,General ration for displaced people,2700000,Every day (monthly distribution),"[{""commodity"":""SORGHUM"",""quantity"":420},{""commodity"":""BEANS"",""quantity"":60},{""commodity"":""OIL"",""quantity"":25},{""commodity"":""CSB"",""quantity"":50}]",GENERAL_DISTRIBUTION,GENERAL_POPULATION,90000
NER-N1,NER,EXP-NER-2026,Super Cereal for children aged 6 to 23 months,600000,Every day (monthly distribution),"[{""commodity"":""CSB"",""quantity"":100}]",NUTRITION_SUPPORT,YOUNG_CHILD,20000
MLI-G1,MLI,EXP-MLI-2026,General ration for displaced people,2100000,Every day (monthly distribution),"[{""commodity"":""SORGHUM"",""quantity"":420},{""commodity"":""BEANS"",""quantity"":60},{""commodity"":""OIL"",""quantity"":25},{""commodity"":""CSB"",""quantity"":50}]",GENERAL_DISTRIBUTION,GENERAL_POPULATION,70000
MLI-N1,MLI,EXP-MLI-2026,Super Cereal for children aged 6 to 23 months,450000,Every day (monthly distribution),"[{""commodity"":""CSB"",""quantity"":100}]",NUTRITION_SUPPORT,YOUNG_CHILD,15000
TCD-G1,TCD,EXP-TCD-2026,General ration for refugees around Lake Chad,4800000,Every day (monthly distribution),"[{""commodity"":""SORGHUM"",""quantity"":420},{""commodity"":""BEANS"",""quantity"":60},{""commodity"":""OIL"",""quantity"":25},{""commodity"":""CSB"",""quantity"":50}]",GENERAL_DISTRIBUTION,GENERAL_POPULATION,160000
TCD-N1,TCD,EXP-TCD-2026,Super Cereal for children aged 6 to 23 months,750000,Every day (monthly distribution),"[{""commodity"":""CSB"",""quantity"":100}]",NUTRITION_SUPPORT,YOUNG_CHILD,25000
BFA-G1,BFA,EXP-BFA-2026,General ration for displaced people,3300000,Every day (monthly distribution),"[{""commodity"":""SORGHUM"",""quantity"":420},{""commodity"":""BEANS"",""quantity"":60},{""commodity"":""OIL"",""quantity"":25},{""commodity"":""CSB"",""quantity"":50}]",GENERAL_DISTRIBUTION,GENERAL_POPULATION,110000
BFA-N1,BFA,EXP-BFA-2026,Super Cereal for children aged 6 to 23 months,540000,Every day (monthly distribution),"[{""commodity"":""CSB"",""quantity"":100}]",NUTRITION_SUPPORT,YOUNG_CHILD,18000
NGA-G1,NGA,EXP-NGA-2026,General ration for displaced people in Borno,6000000,Every day (monthly distribution),"[{""commodity"":""SORGHUM"",""quantity"":420},{""commodity"":""BEANS"",""quantity"":60},{""commodity"":""OIL"",""quantity"":25},{""commodity"":""CSB"",""quantity"":50}]",GENERAL_DISTRIBUTION,GENERAL_POPULATION,200000
NGA-N1,NGA,EXP-NGA-2026,Super Cereal for children aged 6 to 23 months,1200000,Every day (monthly distribution),"[{""commodity"":""CSB"",""quantity"":100}]",NUTRITION_SUPPORT,YOUNG_CHILD,40000
MOZ-G1,MOZ,EXP-MOZ-2026,General ration for displaced people in Cabo Delgado,2400000,Every day (monthly distribution),"[{""commodity"":""MAIZE"",""quantity"":420},{""commodity"":""BEANS"",""quantity"":60},{""commodity"":""OIL"",""quantity"":25},{""commodity"":""CSB"",""quantity"":50}]",GENERAL_DISTRIBUTION,GENERAL_POPULATION,80000
MOZ-N1,MOZ,EXP-MOZ-2026,Super Cereal for children aged 6 to 23 months,360000,Every day (monthly distribution),"[{""commodity"":""CSB"",""quantity"":100}]",NUTRITION_SUPPORT,YOUNG_CHILD,12000
MWI-G1,MWI,EXP-MWI-2026,General ration for refugees in Dzaleka,1350000,Every day (monthly distribution),"[{""commodity"":""MAIZE"",""quantity"":420},{""commodity"":""BEANS"",""quantity"":60},{""commodity"":""OIL"",""quantity"":25},{""commodity"":""CSB"",""quantity"":50}]",GENERAL_DISTRIBUTION,GENERAL_POPULATION,45000
MWI-N1,MWI,EXP-MWI-2026,Super Cereal for children aged 6 to 23 months,300000,Every day (monthly distribution),"[{""commodity"":""CSB"",""quantity"":100}]",NUTRITION_SUPPORT,YOUNG_CHILD,10000
ZMB-N1,ZMB,EXP-ZMB-2026,Super Cereal for children aged 6 to 23 months,270000,Every day (monthly distribution),"[{""commodity"":""CSB"",""quantity"":100}]",NUTRITION_SUPPORT,YOUNG_CHILD,9000
ZWE-N1,ZWE,EXP-ZWE-2026,Super Cereal for children aged 6 to 23 months,360000,Every day (monthly distribution),"[{""commodity"":""CSB"",""quantity"":100}]",NUTRITION_SUPPORT,YOUNG_CHILD,12000
COD-G1,COD,EXP-COD-2026,General ration for displaced people,5400000,Every day (monthly distribution),"[{""commodity"":""MAIZE"",""quantity"":420},{""commodity"":""BEANS"",""quantity"":60},{""commodity"":""OIL"",""quantity"":25},{""commodity"":""CSB"",""quantity"":50}]",GENERAL_DISTRIBUTION,GENERAL_POPULATION,180000
COD-N1,COD,EXP-COD-2026,Super Cereal for children aged 6 to 23 months,900000,Every day (monthly distribution),"[{""commodity"":""CSB"",""quantity"":100}]",NUTRITION_SUPPORT,YOUNG_CHILD,30000
HTI-G1,HTI,EXP-HTI-2026,General ration for displaced people,1200000,Every day (monthly distribution),"[{""commodity"":""RICE"",""quantity"":400},{""commodity"":""BEANS"",""quantity"":60},{""commodity"":""OIL"",""quantity"":25}]",GENERAL_DISTRIBUTION,GENERAL_POPULATION,40000
BGD-G1,BGD,EXP-BGD-2026,General ration for Rohingya refugees in Cox's Bazar,9000000,Every day (monthly distribution),"[{""commodity"":""RICE"",""quantity"":420},{""commodity"":""LENTILS"",""quantity"":60},{""commodity"":""OIL"",""quantity"":25},{""commodity"":""CSB"",""quantity"":50}]",GENERAL_DISTRIBUTION,GENERAL_POPULATION,300000
BGD-N1,BGD,EXP-BGD-2026,Super Cereal for children aged 6 to 23 months,900000,Every day (monthly distribution),"[{""commodity"":""CSB"",""quantity"":100}]",NUTRITION_SUPPORT,YOUNG_CHILD,30000
NPL-N1,NPL,EXP-NPL-2026,Super Cereal for children aged 6 to 23 months,240000,Every day (monthly distribution),"[{""commodity"":""CSB"",""quantity"":100}]",NUTRITION_SUPPORT,YOUNG_CHILD,8000
LAO-N1,LAO,EXP-LAO-2026,Super Cereal for children aged 6 to 23 months,180000,Every day (monthly distribution),"[{""commodity"":""CSB"",""quantity"":100}]",NUTRITION_SUPPORT,YOUNG_CHILD,6000
