source_system,payment_id,order_id,amount_cents,currency,paid_at
mwi/harbor-erp,PAY-001,PO-001,8299200,USD,2026-03-25T08:00:00Z
mwi/harbor-erp,PAY-002,PO-002,8299200,USD,2026-04-25T08:00:00Z
mwi/harbor-erp,PAY-003,PO-003,7862400,USD,2026-05-25T08:00:00Z
mwi/harbor-erp,PAY-004,PO-004,7644000,USD,2026-06-25T08:00:00Z
mwi/harbor-erp,PAY-005,PO-005,7644000,USD,2026-07-25T08:00:00Z
mwi/harbor-erp,PAY-006,PO-006,8080800,USD,2026-08-25T08:00:00Z
mwi/harbor-erp,PAY-007,PO-007,6911117,USD,2026-03-25T08:00:00Z
mwi/harbor-erp,PAY-008,PO-008,6678158,USD,2026-04-25T08:00:00Z
mwi/harbor-erp,PAY-009,PO-009,6522852,USD,2026-05-25T08:00:00Z
mwi/harbor-erp,PAY-010,PO-010,6678158,USD,2026-06-25T08:00:00Z
mwi/harbor-erp,PAY-011,PO-011,6911117,USD,2026-07-25T08:00:00Z
mwi/harbor-erp,PAY-012,PO-012,7066423,USD,2026-08-25T08:00:00Z
mwi/harbor-erp,PAY-013,PO-013,4433520,USD,2026-03-25T08:00:00Z
mwi/harbor-erp,PAY-014,PO-014,4499040,USD,2026-04-25T08:00:00Z
mwi/harbor-erp,PAY-015,PO-015,4236960,USD,2026-05-25T08:00:00Z
mwi/harbor-erp,PAY-016,PO-016,4215120,USD,2026-06-25T08:00:00Z
mwi/harbor-erp,PAY-017,PO-017,4324320,USD,2026-07-25T08:00:00Z
mwi/harbor-erp,PAY-018,PO-018,4564560,USD,2026-08-25T08:00:00Z
mwi/harbor-erp,PAY-019,PO-019,3921527,USD,2026-03-25T08:00:00Z
mwi/harbor-erp,PAY-020,PO-020,3805046,USD,2026-04-25T08:00:00Z
mwi/harbor-erp,PAY-021,PO-021,3610911,USD,2026-05-25T08:00:00Z
mwi/harbor-erp,PAY-022,PO-022,3572084,USD,2026-06-25T08:00:00Z
mwi/harbor-erp,PAY-023,PO-023,3688565,USD,2026-07-25T08:00:00Z
mwi/harbor-erp,PAY-024,PO-024,3727392,USD,2026-08-25T08:00:00Z
mwi/harbor-erp,PAY-025,PO-025,4368000,USD,2026-03-25T08:00:00Z
mwi/harbor-erp,PAY-026,PO-026,4251520,USD,2026-04-25T08:00:00Z
mwi/harbor-erp,PAY-027,PO-027,4135040,USD,2026-05-25T08:00:00Z
mwi/harbor-erp,PAY-028,PO-028,4135040,USD,2026-06-25T08:00:00Z
mwi/harbor-erp,PAY-029,PO-029,4135040,USD,2026-07-25T08:00:00Z
mwi/harbor-erp,PAY-030,PO-030,4426240,USD,2026-08-25T08:00:00Z
