source_system,order_id,expansion_id,supplier_id,commodity,unit,quantity,unit_price_cents,total_cents,currency,replaces_order_id,replaces_incident_id,recorded_at
bfa/harbor-erp,PO-001,EXP-BFA-2026,SUP-A,SORGHUM,kg,94900,47,4460300,USD,,,2026-03-05T08:00:00Z
bfa/harbor-erp,PO-002,EXP-BFA-2026,SUP-A,SORGHUM,kg,94900,45,4270500,USD,,,2026-04-05T08:00:00Z
bfa/harbor-erp,PO-003,EXP-BFA-2026,SUP-A,SORGHUM,kg,94900,43,4080700,USD,,,2026-05-05T08:00:00Z
bfa/harbor-erp,PO-004,EXP-BFA-2026,SUP-A,SORGHUM,kg,94900,43,4080700,USD,,,2026-06-05T08:00:00Z
bfa/harbor-erp,PO-005,EXP-BFA-2026,SUP-A,SORGHUM,kg,94900,44,4175600,USD,,,2026-07-05T08:00:00Z
bfa/harbor-erp,PO-006,EXP-BFA-2026,SUP-A,SORGHUM,kg,94900,44,4175600,USD,,,2026-08-05T08:00:00Z
bfa/harbor-erp,PO-007,EXP-BFA-2026,SUP-B,BEANS,kg,25307,121,3062147,USD,,,2026-03-05T08:00:00Z
bfa/harbor-erp,PO-008,EXP-BFA-2026,SUP-B,BEANS,kg,25307,119,3011533,USD,,,2026-04-05T08:00:00Z
bfa/harbor-erp,PO-009,EXP-BFA-2026,SUP-B,BEANS,kg,25307,121,3062147,USD,,,2026-05-05T08:00:00Z
bfa/harbor-erp,PO-010,EXP-BFA-2026,SUP-B,BEANS,kg,25307,115,2910305,USD,,,2026-06-05T08:00:00Z
bfa/harbor-erp,PO-011,EXP-BFA-2026,SUP-B,BEANS,kg,25307,118,2986226,USD,,,2026-07-05T08:00:00Z
bfa/harbor-erp,PO-012,EXP-BFA-2026,SUP-B,BEANS,kg,25307,121,3062147,USD,,,2026-08-05T08:00:00Z
bfa/harbor-erp,PO-013,EXP-BFA-2026,SUP-C,OIL,L,14235,246,3501810,USD,,,2026-03-05T08:00:00Z
bfa/harbor-erp,PO-014,EXP-BFA-2026,SUP-C,OIL,L,14235,235,3345225,USD,,,2026-04-05T08:00:00Z
bfa/harbor-erp,PO-015,EXP-BFA-2026,SUP-C,OIL,L,14235,227,3231345,USD,,,2026-05-05T08:00:00Z
bfa/harbor-erp,PO-016,EXP-BFA-2026,SUP-C,OIL,L,14235,230,3274050,USD,,,2026-06-05T08:00:00Z
bfa/harbor-erp,PO-017,EXP-BFA-2026,SUP-C,OIL,L,14235,239,3402165,USD,,,2026-07-05T08:00:00Z
bfa/harbor-erp,PO-018,EXP-BFA-2026,SUP-C,OIL,L,14235,245,3487575,USD,,,2026-08-05T08:00:00Z
bfa/harbor-erp,PO-019,EXP-BFA-2026,SUP-D,RICE,kg,75920,67,5086640,USD,,,2026-03-05T08:00:00Z
bfa/harbor-erp,PO-020,EXP-BFA-2026,SUP-D,RICE,kg,75920,66,5010720,USD,,,2026-04-05T08:00:00Z
bfa/harbor-erp,PO-021,EXP-BFA-2026,SUP-D,RICE,kg,75920,64,4858880,USD,,,2026-05-05T08:00:00Z
bfa/harbor-erp,PO-022,EXP-BFA-2026,SUP-D,RICE,kg,75920,64,4858880,USD,,,2026-06-05T08:00:00Z
bfa/harbor-erp,PO-023,EXP-BFA-2026,SUP-D,RICE,kg,75920,64,4858880,USD,,,2026-07-05T08:00:00Z
bfa/harbor-erp,PO-024,EXP-BFA-2026,SUP-D,RICE,kg,75920,63,4782960,USD,,,2026-08-05T08:00:00Z
bfa/harbor-erp,PO-025,EXP-BFA-2026,SUP-E,FISH,kg,9490,413,3919370,USD,,,2026-03-05T08:00:00Z
bfa/harbor-erp,PO-026,EXP-BFA-2026,SUP-E,FISH,kg,9490,402,3814980,USD,,,2026-04-05T08:00:00Z
bfa/harbor-erp,PO-027,EXP-BFA-2026,SUP-E,FISH,kg,9490,402,3814980,USD,,,2026-05-05T08:00:00Z
bfa/harbor-erp,PO-028,EXP-BFA-2026,SUP-E,FISH,kg,9490,408,3871920,USD,,,2026-06-05T08:00:00Z
bfa/harbor-erp,PO-029,EXP-BFA-2026,SUP-E,FISH,kg,9490,413,3919370,USD,,,2026-07-05T08:00:00Z
bfa/harbor-erp,PO-030,EXP-BFA-2026,SUP-E,FISH,kg,9490,413,3919370,USD,,,2026-08-05T08:00:00Z
bfa/harbor-erp,PO-031,EXP-BFA-2026,SUP-F,MILLET,kg,31633,60,1897980,USD,,,2026-03-05T08:00:00Z
bfa/harbor-erp,PO-032,EXP-BFA-2026,SUP-F,MILLET,kg,31633,56,1771448,USD,,,2026-04-05T08:00:00Z
bfa/harbor-erp,PO-033,EXP-BFA-2026,SUP-F,MILLET,kg,31633,58,1834714,USD,,,2026-05-05T08:00:00Z
bfa/harbor-erp,PO-034,EXP-BFA-2026,SUP-F,MILLET,kg,31633,57,1803081,USD,,,2026-06-05T08:00:00Z
bfa/harbor-erp,PO-035,EXP-BFA-2026,SUP-F,MILLET,kg,31633,56,1771448,USD,,,2026-07-05T08:00:00Z
bfa/harbor-erp,PO-036,EXP-BFA-2026,SUP-F,MILLET,kg,31633,58,1834714,USD,,,2026-08-05T08:00:00Z
bfa/harbor-erp,PO-037,EXP-BFA-2026,SUP-G,CSB,kg,9490,141,1338090,USD,,,2026-03-05T08:00:00Z
bfa/harbor-erp,PO-038,EXP-BFA-2026,SUP-G,CSB,kg,9490,132,1252680,USD,,,2026-04-05T08:00:00Z
bfa/harbor-erp,PO-039,EXP-BFA-2026,SUP-G,CSB,kg,9490,133,1262170,USD,,,2026-05-05T08:00:00Z
bfa/harbor-erp,PO-040,EXP-BFA-2026,SUP-G,CSB,kg,9490,131,1243190,USD,,,2026-06-05T08:00:00Z
bfa/harbor-erp,PO-041,EXP-BFA-2026,SUP-G,CSB,kg,9490,133,1262170,USD,,,2026-07-05T08:00:00Z
bfa/harbor-erp,PO-042,EXP-BFA-2026,SUP-G,CSB,kg,9490,138,1309620,USD,,,2026-08-05T08:00:00Z
