source_system,invoice_id,order_id,commodity,unit,quantity,unit_price_cents,total_cents,currency,recorded_at
ken/harbor-erp,INV-001,PO-001,MAIZE,kg,124800,42,5241600,USD,2026-03-12T08:00:00Z
ken/harbor-erp,INV-002,PO-002,MAIZE,kg,124800,40,4992000,USD,2026-04-12T08:00:00Z
ken/harbor-erp,INV-003,PO-003,MAIZE,kg,124800,39,4867200,USD,2026-05-12T08:00:00Z
ken/harbor-erp,INV-004,PO-004,MAIZE,kg,124800,39,4867200,USD,2026-06-12T08:00:00Z
ken/harbor-erp,INV-005,PO-005,MAIZE,kg,25517,39,995163,USD,2026-06-27T08:00:00Z
ken/harbor-erp,INV-006,PO-006,MAIZE,kg,124800,40,4992000,USD,2026-07-12T08:00:00Z
ken/harbor-erp,INV-007,PO-007,MAIZE,kg,124800,40,4992000,USD,2026-08-12T08:00:00Z
ken/harbor-erp,INV-008,PO-008,BEANS,kg,66560,106,7055360,USD,2026-03-12T08:00:00Z
ken/harbor-erp,INV-009,PO-009,BEANS,kg,66560,100,6656000,USD,2026-04-12T08:00:00Z
ken/harbor-erp,INV-010,PO-010,BEANS,kg,66560,102,6789120,USD,2026-05-12T08:00:00Z
ken/harbor-erp,INV-011,PO-011,BEANS,kg,66560,96,6389760,USD,2026-06-12T08:00:00Z
ken/harbor-erp,INV-012,PO-012,BEANS,kg,66560,100,6656000,USD,2026-07-12T08:00:00Z
ken/harbor-erp,INV-013,PO-013,BEANS,kg,66560,99,6589440,USD,2026-08-12T08:00:00Z
ken/harbor-erp,INV-014,PO-014,OIL,L,18720,238,4455360,USD,2026-03-12T08:00:00Z
ken/harbor-erp,INV-015,PO-015,OIL,L,18720,225,4212000,USD,2026-04-12T08:00:00Z
ken/harbor-erp,INV-016,PO-016,OIL,L,18720,220,4118400,USD,2026-05-12T08:00:00Z
ken/harbor-erp,INV-017,PO-017,OIL,L,18720,222,4155840,USD,2026-06-12T08:00:00Z
ken/harbor-erp,INV-018,PO-018,OIL,L,18720,223,4174560,USD,2026-07-12T08:00:00Z
ken/harbor-erp,INV-019,PO-019,OIL,L,18720,227,4249440,USD,2026-08-12T08:00:00Z
ken/harbor-erp,INV-020,PO-020,RICE,kg,99840,110,10982400,USD,2026-03-12T08:00:00Z
ken/harbor-erp,INV-021,PO-021,RICE,kg,99840,103,10283520,USD,2026-04-12T08:00:00Z
ken/harbor-erp,INV-022,PO-022,RICE,kg,99840,104,10383360,USD,2026-05-12T08:00:00Z
ken/harbor-erp,INV-023,PO-023,RICE,kg,99840,104,10383360,USD,2026-06-12T08:00:00Z
ken/harbor-erp,INV-024,PO-024,RICE,kg,99840,106,10583040,USD,2026-07-12T08:00:00Z
ken/harbor-erp,INV-025,PO-025,RICE,kg,99840,105,10483200,USD,2026-08-12T08:00:00Z
ken/harbor-erp,INV-026,PO-026,CSB,kg,33280,134,4459520,USD,2026-03-12T08:00:00Z
ken/harbor-erp,INV-027,PO-027,CSB,kg,33280,134,4459520,USD,2026-04-12T08:00:00Z
ken/harbor-erp,INV-028,PO-028,CSB,kg,33280,126,4193280,USD,2026-05-12T08:00:00Z
ken/harbor-erp,INV-029,PO-029,CSB,kg,33280,125,4160000,USD,2026-06-12T08:00:00Z
ken/harbor-erp,INV-030,PO-030,CSB,kg,33280,129,4293120,USD,2026-07-12T08:00:00Z
ken/harbor-erp,INV-031,PO-031,CSB,kg,33280,129,4293120,USD,2026-08-12T08:00:00Z
