source_system,receipt_id,order_id,commodity,unit,quantity_received,received_at,handover_at,moisture_permille,acceptance_result
lao/harbor-erp,DEL-001,PO-001,RICE,kg,93600,2026-03-14T08:00:00Z,2026-03-14T08:00:00Z,129,PASS
lao/harbor-erp,DEL-002,PO-002,RICE,kg,93600,2026-04-14T08:00:00Z,2026-04-14T08:00:00Z,131,PASS
lao/harbor-erp,DEL-003,PO-003,RICE,kg,93600,2026-05-14T08:00:00Z,2026-05-14T08:00:00Z,124,PASS
lao/harbor-erp,DEL-004,PO-004,RICE,kg,93600,2026-06-14T08:00:00Z,2026-06-14T08:00:00Z,129,PASS
lao/harbor-erp,DEL-005,PO-005,RICE,kg,93600,2026-07-14T08:00:00Z,2026-07-14T08:00:00Z,135,PASS
lao/harbor-erp,DEL-006,PO-006,RICE,kg,93600,2026-08-14T08:00:00Z,2026-08-14T08:00:00Z,123,PASS
lao/harbor-erp,DEL-007,PO-007,LENTILS,kg,18720,2026-03-14T08:00:00Z,2026-03-14T08:00:00Z,116,PASS
lao/harbor-erp,DEL-008,PO-008,LENTILS,kg,18720,2026-04-14T08:00:00Z,2026-04-14T08:00:00Z,119,PASS
lao/harbor-erp,DEL-009,PO-009,LENTILS,kg,18720,2026-05-14T08:00:00Z,2026-05-14T08:00:00Z,116,PASS
lao/harbor-erp,DEL-010,PO-010,LENTILS,kg,18720,2026-06-14T08:00:00Z,2026-06-14T08:00:00Z,112,PASS
lao/harbor-erp,DEL-011,PO-011,LENTILS,kg,18720,2026-07-14T08:00:00Z,2026-07-14T08:00:00Z,116,PASS
lao/harbor-erp,DEL-012,PO-012,LENTILS,kg,18720,2026-08-14T08:00:00Z,2026-08-14T08:00:00Z,118,PASS
lao/harbor-erp,DEL-013,PO-013,OIL,L,5460,2026-03-14T08:00:00Z,2026-03-14T08:00:00Z,,PASS
lao/harbor-erp,DEL-014,PO-014,OIL,L,5460,2026-04-14T08:00:00Z,2026-04-14T08:00:00Z,,PASS
lao/harbor-erp,DEL-015,PO-015,OIL,L,5460,2026-05-14T08:00:00Z,2026-05-14T08:00:00Z,,PASS
lao/harbor-erp,DEL-016,PO-016,OIL,L,5460,2026-06-14T08:00:00Z,2026-06-14T08:00:00Z,,PASS
lao/harbor-erp,DEL-017,PO-017,OIL,L,5460,2026-07-14T08:00:00Z,2026-07-14T08:00:00Z,,PASS
lao/harbor-erp,DEL-018,PO-018,OIL,L,5460,2026-08-14T08:00:00Z,2026-08-14T08:00:00Z,,PASS
lao/harbor-erp,DEL-019,PO-019,CSB,kg,9360,2026-03-14T08:00:00Z,2026-03-14T08:00:00Z,86,PASS
lao/harbor-erp,DEL-020,PO-020,CSB,kg,9360,2026-04-14T08:00:00Z,2026-04-14T08:00:00Z,82,PASS
lao/harbor-erp,DEL-021,PO-021,CSB,kg,9360,2026-05-14T08:00:00Z,2026-05-14T08:00:00Z,86,PASS
lao/harbor-erp,DEL-022,PO-022,CSB,kg,9360,2026-06-14T08:00:00Z,2026-06-14T08:00:00Z,82,PASS
lao/harbor-erp,DEL-023,PO-023,CSB,kg,9360,2026-07-14T08:00:00Z,2026-07-14T08:00:00Z,89,PASS
lao/harbor-erp,DEL-024,PO-024,CSB,kg,9360,2026-08-14T08:00:00Z,2026-08-14T08:00:00Z,87,PASS
lao/harbor-erp,DEL-025,PO-025,MILK,kg,1560,2026-03-14T08:00:00Z,2026-03-14T08:00:00Z,37,PASS
lao/harbor-erp,DEL-026,PO-026,MILK,kg,1560,2026-04-14T08:00:00Z,2026-04-14T08:00:00Z,39,PASS
lao/harbor-erp,DEL-027,PO-027,MILK,kg,1560,2026-05-14T08:00:00Z,2026-05-14T08:00:00Z,45,PASS
lao/harbor-erp,DEL-028,PO-028,MILK,kg,1560,2026-06-14T08:00:00Z,2026-06-14T08:00:00Z,45,PASS
lao/harbor-erp,DEL-029,PO-029,MILK,kg,1560,2026-07-14T08:00:00Z,2026-07-14T08:00:00Z,37,PASS
lao/harbor-erp,DEL-030,PO-030,MILK,kg,1560,2026-08-14T08:00:00Z,2026-08-14T08:00:00Z,38,PASS
lao/harbor-erp,DEL-031,PO-031,FISH,kg,2340,2026-03-14T08:00:00Z,2026-03-14T08:00:00Z,144,PASS
lao/harbor-erp,DEL-032,PO-032,FISH,kg,2340,2026-04-14T08:00:00Z,2026-04-14T08:00:00Z,144,PASS
lao/harbor-erp,DEL-033,PO-033,FISH,kg,2340,2026-05-14T08:00:00Z,2026-05-14T08:00:00Z,133,PASS
lao/harbor-erp,DEL-034,PO-034,FISH,kg,2340,2026-06-14T08:00:00Z,2026-06-14T08:00:00Z,135,PASS
lao/harbor-erp,DEL-035,PO-035,FISH,kg,2340,2026-07-14T08:00:00Z,2026-07-14T08:00:00Z,145,PASS
lao/harbor-erp,DEL-036,PO-036,FISH,kg,2340,2026-08-14T08:00:00Z,2026-08-14T08:00:00Z,139,PASS
